Original_dist,Destination_dist,Case,Num
Yau Tsim Mong,Kowloon City,"[415, 611, 1314, 1364, 2002, 2360, 2642, 3102, 4996, 7143, 7652, 7652]",12
Yau Tsim Mong,Kwai Tsing,"[1820, 1820, 2475, 2723, 3076, 8518]",6
Yau Tsim Mong,Sha Tin,"[333, 529, 1483, 2795, 4679, 4852, 5331, 5751, 7267, 7472]",10
Yau Tsim Mong,Southern,"[512, 6350, 6350, 7921]",4
Yau Tsim Mong,Eastern,"[2204, 2276, 4757, 5661, 5661, 6278, 6958, 6958, 6958]",9
Yau Tsim Mong,Sai Kung,"[756, 756, 2147, 2536, 5534]",5
Yau Tsim Mong,Wong Tai Sin,"[2240, 3629, 4827, 5939, 5985, 6022, 6553, 7472]",8
Yau Tsim Mong,Yuen Long,"[4032, 8806]",2
Yau Tsim Mong,Kwun Tong,"[19, 200, 1283, 1297, 3176, 3191, 5546, 5762, 6022, 7267, 7267, 7472, 8578, 8955]",14
Yau Tsim Mong,Wan Chai,"[192, 499, 519, 531, 557, 648, 648, 648, 648, 648, 648, 648, 972, 972, 1860, 1925, 2291, 2291, 4482, 4695, 4695, 4695, 4811, 4912, 5136, 5484, 5524, 5531, 5538, 5546, 5588, 5661, 5722, 6001, 6553, 6553, 6958, 6972, 7062, 7242, 7889]",41
Yau Tsim Mong,Tsuen Wan,"[1050, 1050, 2204, 2204, 2204, 2318, 2318, 2318, 4159, 4261, 4723]",11
Yau Tsim Mong,Tai Po,"[5534, 5661]",2
Yau Tsim Mong,Central & Western,"[9, 10, 11, 192, 199, 415, 497, 586, 586, 586, 961, 972, 972, 972, 2143, 2193, 2249, 2733, 3102, 4607, 4607, 4661, 5985, 6093, 6169, 6350, 6539, 6539, 6540, 6785, 6958, 7978]",32
Yau Tsim Mong,Tuen Mun,"[1739, 1783]",2
Yau Tsim Mong,Sham Shui Po,"[1483, 1724, 1724, 2089, 2089, 2089, 2204, 2234, 2234, 2249, 3489, 3519, 4867, 4872, 4873, 5534, 5591, 5751, 6105, 6221, 6607, 6757, 7363, 7363, 7363, 7364, 7496, 7647, 7650, 7757]",30
Yau Tsim Mong,Island,"[3857, 7134, 7306, 8759]",4
Yau Tsim Mong,North,"[1276, 2495, 2717, 6600]",4
Kowloon City,Yau Tsim Mong,"[16, 195, 195, 405, 437, 437, 437, 447, 514, 514, 514, 746, 1368, 1426, 1623, 1633, 1765, 1808, 1808, 1924, 1924, 1924, 1942, 2060, 2152, 2175, 2192, 2327, 2476, 2476, 2783, 2847, 3031, 3144, 3187, 3826, 3826, 3998, 3998, 3999, 3999, 4046, 4046, 4425, 4693, 4694, 4779, 4843, 5663, 5663, 5721, 5721, 5721, 5775, 5788, 5854, 5866, 5889, 5918, 5919, 5922, 5925, 5925, 5928, 5963, 6113, 6113, 6158, 6158, 6200, 6201, 6201, 6234, 6249, 6335, 6412, 6567, 6651, 6730, 6746, 6838, 6838, 6838, 6956, 7119, 7119, 7271, 7753, 7950, 8044, 8116, 8116, 8116, 8195, 8195, 8470, 8495, 8870, 8901, 8915]",100
Kowloon City,Kwai Tsing,"[1457, 3253, 3253, 4097, 4164, 4266, 5547, 5807, 6662]",9
Kowloon City,Sha Tin,"[514, 1400, 3418, 3418, 3418, 3418, 3773, 4174, 5721, 5766, 5925, 5925, 6048, 6158, 7974, 7990]",16
Kowloon City,Southern,"[4967, 7141]",2
Kowloon City,Eastern,"[1633, 6158, 6158, 6303, 6412, 7119, 8404, 9049, 9049]",9
Kowloon City,Sai Kung,"[1695, 2068, 2206, 2206, 5807, 6484, 6491, 6617, 7141]",9
Kowloon City,Wong Tai Sin,"[1569, 1633, 1633, 1695, 3235, 3631, 4419, 4855, 4855, 5547, 5612, 5766, 5800, 5864, 5870, 5918, 7871, 8172, 8280, 8495, 8495, 8901, 8901]",23
Kowloon City,Yuen Long,[2192],1
Kowloon City,Kwun Tong,"[262, 437, 437, 746, 1368, 1368, 1368, 1457, 1624, 1765, 1808, 2434, 2448, 2720, 2811, 3231, 3385, 3607, 3759, 4038, 4068, 4292, 4595, 4595, 4855, 5511, 5511, 6956, 6956, 6959, 7882, 7990, 8329, 8509, 8767]",35
Kowloon City,Wan Chai,"[154, 195, 195, 437, 437, 437, 437, 509, 746, 746, 774, 774, 925, 925, 925, 1765, 2181, 2448, 3565, 4232, 5312, 5371, 5511, 5547, 5547, 5638, 6158, 6158, 6201, 6201, 6201, 6234, 6360, 6382, 6504, 6564, 6618, 6730, 6746, 6752]",40
Kowloon City,Tsuen Wan,"[8110, 8110, 8496]",3
Kowloon City,Tai Po,"[1942, 6412, 6670, 7067, 7990, 7990]",6
Kowloon City,Central & Western,"[195, 195, 195, 195, 195, 195, 227, 227, 227, 227, 437, 609, 746, 2109, 3613, 3954, 3954, 4030, 4636, 5312, 5547, 5638, 5659, 5659, 5807, 6234, 6303, 6567, 6567]",29
Kowloon City,Tuen Mun,"[2192, 2192]",2
Kowloon City,Sham Shui Po,"[609, 757, 925, 1263, 1263, 1263, 1263, 1619, 1808, 3046, 3631, 5721, 5766, 5775, 6178, 6200, 6201, 7115, 8593, 8593]",20
Kowloon City,Island,"[1754, 3893]",2
Kowloon City,North,[6769],1
Kwai Tsing,Yau Tsim Mong,"[50, 130, 131, 142, 142, 233, 337, 526, 1317, 1317, 1324, 1992, 2041, 2137, 2877, 3296, 3371, 3470, 3470, 3646, 3861, 4175, 5391, 5391, 5472, 5578, 5676, 5745, 5863, 5892, 5930, 5930, 5930, 6003, 6003, 6256, 6371, 6672, 6946, 7012, 7034, 7342, 7458, 7783, 7979, 8198, 8579, 8579, 8761, 8761]",50
Kwai Tsing,Kowloon City,"[18, 2265, 2918, 3117, 3383, 3383, 3464, 3467, 3470, 3487, 3540, 3586, 3669, 3730, 4889, 4889, 6685, 7117, 7418, 7783, 8761, 8769]",22
Kwai Tsing,Sha Tin,"[1004, 2028, 2742, 3471, 3471, 3730, 3777, 3777, 4728, 4728, 4884, 5674, 5844, 5906, 5994, 5994, 6818, 6818, 6818, 6833]",20
Kwai Tsing,Southern,[],0
Kwai Tsing,Eastern,"[3026, 4944, 4944, 4944, 7117, 7117, 8374, 8652]",8
Kwai Tsing,Sai Kung,"[2640, 3296, 3341, 4241, 6455, 6456, 6485, 6503, 6509, 6868, 7491, 8198, 8579, 8931]",14
Kwai Tsing,Wong Tai Sin,"[1815, 1876, 5674, 5771, 5967, 6119, 8288]",7
Kwai Tsing,Yuen Long,"[2410, 4703, 4703, 7458, 7458, 8235]",6
Kwai Tsing,Kwun Tong,"[233, 2742, 2742, 3200, 3341, 3341, 3470, 3554, 3554, 3646, 3646, 3703, 4241, 4241, 4241, 4398, 4703, 6509, 7539, 7539, 8354, 8633]",22
Kwai Tsing,Wan Chai,"[3026, 3026, 3249, 3542, 4175, 4175, 5572, 5748, 5844, 6198, 6402, 6860, 7232, 7603, 7874, 8500]",16
Kwai Tsing,Tsuen Wan,"[263, 287, 1004, 1004, 1436, 2196, 2196, 2264, 2447, 2686, 2690, 2690, 2918, 2918, 2918, 3108, 3117, 3117, 3173, 3244, 3244, 3249, 3249, 3299, 3353, 3383, 3544, 3544, 3730, 3952, 4282, 4457, 4495, 4495, 4682, 4728, 4778, 4778, 4786, 4786, 4945, 4945, 5994, 6509, 6509, 6683, 6860, 7006, 7006, 7006, 7006, 7006, 7006, 7035, 7057, 7060, 7060, 7208, 7208, 7208, 7418, 7442, 7460, 7874, 7994, 8201, 8201, 8235, 8288, 8288, 8291, 8291, 8291, 8309, 8309, 8579, 8644, 8669, 8898, 8898]",80
Kwai Tsing,Tai Po,[],0
Kwai Tsing,Central & Western,"[312, 2389, 2602, 3491, 3539, 3539, 3554, 4160, 4160, 6119, 6317, 6450, 6584, 7331, 7765, 8161, 8291, 8291, 8753, 8754, 8931]",21
Kwai Tsing,Tuen Mun,"[2686, 5967, 6859]",3
Kwai Tsing,Sham Shui Po,"[312, 1573, 2410, 2686, 2686, 2898, 3491, 3562, 3646, 4682, 4703, 4840, 4840, 4840, 4945, 4945, 4947, 5923, 5965, 6226, 6859, 7994, 7994, 8161, 8161, 8198, 8235, 8288, 8652]",29
Kwai Tsing,Island,"[233, 287, 2264, 2391, 2391, 2391, 3353, 3586, 3847, 5930, 7117, 7342, 7488, 8579]",14
Kwai Tsing,North,"[2264, 7994, 8579]",3
Sha Tin,Yau Tsim Mong,"[37, 191, 253, 483, 483, 510, 573, 923, 923, 936, 936, 1383, 1464, 1464, 1497, 1506, 1506, 1610, 1648, 1762, 1762, 1784, 1845, 1845, 1906, 1951, 1951, 1951, 1978, 1979, 2036, 2099, 2099, 2099, 2101, 2136, 2146, 2146, 2159, 2236, 2236, 2250, 2255, 2433, 2529, 2540, 2540, 2579, 2916, 2916, 3224, 3224, 3335, 3369, 3369, 3369, 3369, 3441, 3490, 3578, 3578, 3619, 3620, 3859, 3920, 4011, 4393, 4447, 4447, 4600, 5107, 5446, 5561, 5647, 5647, 5669, 5669, 5738, 5741, 5743, 5773, 5773, 5773, 5774, 5811, 5818, 5826, 5883, 5891, 5927, 5927, 5927, 6051, 6051, 6051, 6194, 6219, 6252, 6541, 6573, 6575, 6616, 6827, 6909, 6928, 7945, 7961, 8135]",108
Sha Tin,Kowloon City,"[349, 1292, 1693, 1713, 2099, 2159, 2401, 2579, 2916, 3067, 3224, 3368, 3369, 3441, 3490, 3578, 3665, 4583, 4936, 4936, 5479, 5927, 6822, 7503, 7503, 7503, 7523, 7710, 7711, 8156, 8156, 9193]",32
Sha Tin,Kwai Tsing,"[1084, 1464, 1464, 1584, 1770, 1770, 1920, 1920, 2262, 2461, 5992]",11
Sha Tin,Southern,"[573, 5741, 6163]",3
Sha Tin,Eastern,"[483, 1693, 1909, 1909, 2236, 2242, 3034, 4332, 5774, 6016, 6017, 6051, 7358, 7358, 7358, 7846]",16
Sha Tin,Sai Kung,"[2099, 2099, 2099, 2099, 4447, 5107, 6728, 6935, 8003, 8156, 8156]",11
Sha Tin,Wong Tai Sin,"[1383, 1383, 1635, 1666, 1666, 1666, 1666, 1845, 1845, 1845, 1845, 2180, 3619, 4447, 5561, 5574, 5927, 6016, 6037, 6299, 6635, 7702, 8281]",23
Sha Tin,Yuen Long,[4447],1
Sha Tin,Kwun Tong,"[1615, 1615, 1615, 1920, 2634, 3490, 3490, 3490, 3578, 4013, 4447, 4600, 4787, 5669, 5774, 5927, 5950, 5950, 6019, 6120, 6213, 6548, 6548, 6827, 6827, 8061]",26
Sha Tin,Wan Chai,"[923, 923, 923, 923, 923, 1584, 1584, 1584, 1584, 1584, 1584, 1807, 1909, 1909, 1909, 1909, 1979, 2099, 2099, 3619, 3619, 3619, 4296, 4296, 4296, 4583, 5384, 5384, 5384, 5446, 5826, 6016, 6051, 6051, 6051, 6051, 6051, 6051, 6120, 6199, 6922, 7101, 7490, 7851, 8707, 9193]",46
Sha Tin,Tsuen Wan,"[253, 936, 2250, 2529, 2693, 3953, 4600, 6163, 8040, 8040]",10
Sha Tin,Tai Po,"[1951, 2180, 2180, 3490, 3490, 3490, 6675, 6909, 7523, 7529, 7951]",11
Sha Tin,Central & Western,"[191, 191, 191, 204, 284, 923, 1694, 1979, 2099, 2414, 2529, 3063, 3490, 3490, 3490, 3537, 4303, 5927, 6546, 6635, 6962, 7094, 7168, 7332, 7791, 8040]",26
Sha Tin,Tuen Mun,"[253, 1951, 5948, 7227]",4
Sha Tin,Sham Shui Po,"[153, 191, 191, 573, 1088, 1233, 1464, 2099, 2099, 2267, 2540, 3456, 4600, 4600, 5818, 6888, 7270, 7358, 7562]",19
Sha Tin,Island,"[191, 253, 1292, 1377, 2012, 2392, 4255]",7
Sha Tin,North,"[2180, 2180, 2180, 2952, 7604]",5
Southern,Yau Tsim Mong,"[223, 1974, 2825, 2866, 4731, 5641, 5778, 6031, 6170, 6170, 6773, 7075, 8565]",13
Southern,Kowloon City,"[1848, 2825]",2
Southern,Kwai Tsing,"[2663, 2663, 4416, 4416, 4460, 4460, 6067]",7
Southern,Sha Tin,"[1848, 3270, 3270, 6067, 6067, 6782]",6
Southern,Eastern,"[76, 342, 406, 748, 5503, 5685, 6782, 6784, 6784, 7095]",10
Southern,Sai Kung,[6844],1
Southern,Wong Tai Sin,"[5677, 5885, 8009]",3
Southern,Yuen Long,[],0
Southern,Kwun Tong,"[1749, 5808, 6067]",3
Southern,Wan Chai,"[44, 76, 91, 318, 406, 935, 935, 1749, 1848, 1974, 1974, 2584, 2929, 4801, 5503, 5554, 5586, 6031, 6067, 6170, 6773, 6910]",22
Southern,Tsuen Wan,[6067],1
Southern,Tai Po,[],0
Southern,Central & Western,"[117, 184, 206, 206, 266, 266, 318, 318, 342, 374, 476, 677, 713, 1749, 2485, 2929, 3084, 3741, 4731, 5885, 6133, 6170, 6172, 6388, 6487, 6566, 6784, 6791, 6792, 6881, 6881, 6881, 6990, 7805, 7805, 7805, 8647]",37
Southern,Tuen Mun,[6067],1
Southern,Sham Shui Po,"[291, 372, 429, 2111, 5852, 6782, 7805]",7
Southern,Island,"[107, 107, 107, 6782]",4
Southern,North,[],0
Eastern,Yau Tsim Mong,"[250, 250, 614, 796, 796, 796, 2386, 2790, 2790, 2790, 2824, 3072, 4228, 4845, 4845, 4845, 5288, 5607, 5607, 5668, 5668, 5668, 5668, 5680, 5680, 5681, 5682, 5682, 5783, 5796, 5803, 5803, 5803, 5879, 7187, 7815, 8577]",37
Eastern,Kowloon City,"[57, 340, 340, 3167, 3193, 3193, 3194, 3194, 5288, 5435, 5435, 5997, 6216]",13
Eastern,Kwai Tsing,"[442, 442, 3484, 3484, 3521]",5
Eastern,Sha Tin,"[1474, 6196, 7712, 8034]",4
Eastern,Southern,"[169, 3070, 7173, 8520, 8861]",5
Eastern,Sai Kung,"[796, 796, 2427, 3155, 6510, 6823, 7373]",7
Eastern,Wong Tai Sin,"[1987, 3521, 3794, 5997, 5998, 6433]",6
Eastern,Yuen Long,"[3167, 8416]",2
Eastern,Kwun Tong,"[932, 2894, 2927, 3194, 4044, 4044, 4227, 4934, 5321, 6056, 6302, 6302, 6510, 6825, 7459, 7519, 7748, 7748, 7829, 8034, 8166, 8166, 8508, 8577]",24
Eastern,Wan Chai,"[52, 139, 169, 169, 169, 237, 422, 481, 707, 717, 750, 932, 954, 1022, 1022, 1447, 1447, 1649, 2468, 2657, 2658, 2787, 3837, 3838, 3943, 3943, 4341, 4934, 5161, 5161, 5321, 5435, 5541, 5541, 5803, 5920, 5920, 5920, 5936, 6233, 6459, 6459, 6597, 6717, 6717, 7173, 7173, 7457, 7672, 7826, 8083, 8399, 8399, 8861]",54
Eastern,Tsuen Wan,"[170, 2979, 4683]",3
Eastern,Tai Po,"[1550, 2911]",2
Eastern,Central & Western,"[146, 169, 170, 238, 250, 250, 250, 268, 422, 422, 422, 442, 717, 717, 932, 957, 957, 957, 1447, 1745, 1745, 1745, 1745, 1745, 1977, 2787, 2824, 3190, 3484, 3794, 4688, 5321, 6072, 6216, 6420, 6576, 6715, 6763, 6763, 6863, 7467, 7802]",42
Eastern,Tuen Mun,"[170, 170, 170, 1952, 1988, 1993, 1998]",7
Eastern,Sham Shui Po,"[3484, 5777, 5998, 6341, 6341, 6341, 6494]",7
Eastern,Island,"[237, 2497, 2497, 2848]",4
Eastern,North,[],0
Sai Kung,Yau Tsim Mong,"[286, 388, 388, 388, 863, 1356, 1480, 1480, 1480, 1594, 1751, 1751, 2027, 2412, 2572, 2572, 3711, 3712, 4039, 4039, 4635, 5207, 5509, 5509, 5517, 5552, 5552, 5703, 5711, 5754, 5754, 5797, 5825, 6083, 6149, 6205, 6220, 6222, 8039, 8039, 8205, 8433, 8581, 8588, 8771, 8771, 8777, 8777, 8896]",49
Sai Kung,Kowloon City,"[385, 1593, 1593, 1594, 2282, 2739, 3165, 3593, 3711, 3712, 3842, 3842, 3965, 4002, 4234, 5143, 5143, 5143, 5216, 5216, 5754, 6063, 6786, 6786, 7056, 8130, 8205, 8295, 8768, 9040]",30
Sai Kung,Kwai Tsing,"[1751, 1751, 1751, 1751, 1838, 1838, 1902, 1902, 1902, 1912, 1912, 3965, 4702, 6063, 7414]",15
Sai Kung,Sha Tin,"[317, 3725, 3910, 3910, 4234, 5216, 5575, 5575, 5575, 5575, 5754, 8777]",12
Sai Kung,Southern,"[182, 682]",2
Sai Kung,Eastern,"[92, 339, 339, 1390, 1752, 2027, 3787, 3787, 3787, 6608, 6637, 6640, 7032, 7310, 7310, 7819, 7819, 7819, 7937, 8913]",20
Sai Kung,Wong Tai Sin,"[797, 797, 835, 1375, 1404, 1429, 1429, 1437, 1591, 1592, 1902, 1902, 1902, 1990, 2123, 2572, 3165, 6063, 6222, 7554, 7819]",21
Sai Kung,Yuen Long,"[2027, 3079]",2
Sai Kung,Kwun Tong,"[1433, 1558, 1594, 1596, 1752, 1752, 1752, 1898, 1990, 2396, 2535, 2535, 2635, 2725, 2953, 3424, 3593, 3841, 4468, 4468, 4571, 5143, 5703, 5825, 6305, 6333, 6333, 6786, 7230, 7241, 7241, 7366, 7414, 7794, 7794, 7838, 7876, 7876, 7937, 8039, 8333, 8562, 8771, 8777, 8896, 9040]",46
Sai Kung,Wan Chai,"[182, 562, 682, 682, 797, 797, 903, 903, 2029, 3165, 3165, 3787, 3910, 4199, 4269, 5502, 5515, 5515, 5515, 5515, 5517, 5551, 5726, 5787, 5787, 5855, 5887, 5894, 5937, 6665, 6937, 7310, 7414, 7641, 8208]",35
Sai Kung,Tsuen Wan,"[1465, 3558]",2
Sai Kung,Tai Po,"[2635, 5898]",2
Sai Kung,Central & Western,"[182, 182, 182, 339, 339, 682, 682, 863, 1596, 1596, 2489, 3079, 3909, 4761, 5200, 5200, 5207, 5293, 5293, 5515, 5755, 5887, 6160, 6171, 6171, 8208, 8913]",27
Sai Kung,Tuen Mun,"[3725, 8283]",2
Sai Kung,Sham Shui Po,"[58, 58, 388, 1501, 1501, 1558, 1594, 1594, 1608, 2027, 2140, 2140, 2953, 3961, 4701, 5216, 5825, 7047, 7641, 8039, 8621]",21
Sai Kung,Island,"[3079, 3079, 4615, 5855, 8437]",5
Sai Kung,North,[5855],1
Wong Tai Sin,Yau Tsim Mong,"[484, 755, 769, 769, 769, 1301, 1304, 1315, 1332, 1359, 1394, 1394, 1449, 1491, 1531, 1597, 1607, 1632, 1640, 1681, 1687, 1718, 1750, 1774, 1832, 1884, 1934, 1939, 1959, 1980, 2008, 2010, 2117, 2187, 2273, 2345, 2363, 2380, 2547, 2547, 2615, 2615, 2651, 2786, 2990, 2990, 2990, 2990, 2990, 3171, 3346, 3346, 3346, 3386, 3624, 3801, 3828, 3921, 3921, 3923, 4839, 4839, 5148, 5148, 5439, 5439, 5439, 5456, 5521, 5637, 5708, 5794, 5841, 5982, 6095, 6677, 7084, 7084, 7388, 7388, 7475, 7599, 7934, 8063, 8479, 8503, 8503, 8503, 8513, 8523, 8726]",91
Wong Tai Sin,Kowloon City,"[59, 155, 484, 1358, 1398, 1398, 1398, 1477, 1730, 1736, 1779, 1786, 1896, 2008, 2102, 2121, 2349, 2569, 2569, 2570, 2650, 2896, 2896, 2896, 2994, 3019, 3021, 3183, 3310, 3310, 3386, 3412, 3412, 3630, 3721, 3721, 3721, 3721, 4299, 4471, 4641, 4767, 4853, 4853, 4938, 4965, 5969, 6015, 6015, 6749, 6767, 6927, 6975, 7028, 7028, 7410, 7586, 7591, 7686, 7686, 7686, 7835, 8139, 8318, 8372, 8673, 8692, 8728, 8765, 8820, 8840, 8840, 8841]",73
Wong Tai Sin,Kwai Tsing,"[1539, 1622, 1841, 1841, 1842, 1842, 1862, 1862, 1954, 1954, 1959, 1996, 1996, 2055, 2856, 4154, 4154, 7771, 7860, 8812]",20
Wong Tai Sin,Sha Tin,"[1359, 1440, 1444, 2882, 2882, 4198, 4198, 7269]",8
Wong Tai Sin,Southern,"[226, 2980]",2
Wong Tai Sin,Eastern,"[59, 1304, 1304, 1520, 1706, 1764, 1769, 1896, 2743, 2890, 2890, 6122, 6179, 7750, 8688]",15
Wong Tai Sin,Sai Kung,"[1371, 1416, 1521, 1552, 1698, 2071, 2071, 2370, 2473, 2473, 2990, 2990, 2990, 2990, 3436, 3925, 5793, 6481, 6489, 6555, 7388, 7388]",22
Wong Tai Sin,Yuen Long,"[1774, 1884, 1996, 2139, 3184, 3801, 3801, 3801]",8
Wong Tai Sin,Kwun Tong,"[1291, 1322, 1322, 1332, 1361, 1371, 1388, 1394, 1415, 1415, 1455, 1456, 1523, 1586, 1597, 1597, 1639, 1687, 1689, 1698, 1703, 1728, 1744, 1744, 1744, 1868, 1869, 1869, 1869, 1884, 1884, 1940, 2035, 2044, 2071, 2071, 2071, 2122, 2345, 2380, 2446, 2446, 2460, 2856, 2994, 3405, 3801, 3925, 4084, 4154, 5793, 5990, 6000, 6202, 6313, 6377, 6677, 6760, 6866, 6927, 6927, 7140, 7388, 7593, 7709, 7767, 7771, 7772, 8129, 8139, 8287, 8503, 8603, 8726]",74
Wong Tai Sin,Wan Chai,"[769, 769, 830, 1415, 1415, 1520, 1520, 1531, 1564, 1607, 1607, 1622, 1750, 2032, 2104, 2379, 2650, 2808, 4879, 5521, 5708, 6971, 8513, 8513, 8513]",25
Wong Tai Sin,Tsuen Wan,"[1358, 4553, 4938, 4965, 4965, 6732, 8685, 8840, 8840, 8841]",10
Wong Tai Sin,Tai Po,"[2782, 3182, 3405, 3405, 7709, 7709]",6
Wong Tai Sin,Central & Western,"[275, 1440, 1517, 1605, 1612, 1730, 1740, 1864, 1864, 1869, 1869, 2651, 3357, 6055, 6055, 6055, 6300, 6313, 6630, 6630, 6866, 8590, 8590, 8590, 8590, 8922]",26
Wong Tai Sin,Tuen Mun,"[1740, 2615, 3386, 3386, 3624, 5708]",6
Wong Tai Sin,Sham Shui Po,"[1359, 1521, 1531, 1531, 1531, 1598, 1622, 1680, 1699, 1786, 1864, 1864, 1896, 1934, 1980, 1980, 2035, 2080, 2080, 2201, 2201, 2437, 2948, 2990, 3337, 4458, 4938, 5148, 5521, 5637, 5794, 5794, 6013, 7064, 7180, 8063, 8063, 9119]",38
Wong Tai Sin,Island,"[3750, 3750, 3750, 3750, 8691]",5
Wong Tai Sin,North,"[155, 1445, 2230, 3405, 3405]",5
Yuen Long,Yau Tsim Mong,"[259, 466, 466, 466, 511, 615, 670, 955, 998, 1431, 1945, 2083, 2289, 3093, 3320, 3492, 3492, 3559, 3755, 3889, 4001, 4207, 4616, 4616, 4818, 4870, 4875, 5532, 5568, 5750, 6843, 7096, 7096, 7096, 7339, 7339, 7339, 7360, 7360, 7360, 7360, 7360, 7360, 7360, 7394, 8065, 8916]",47
Yuen Long,Kowloon City,"[955, 2289, 2289, 2539, 2539, 2722, 3321, 3350, 3408, 3492, 3590, 3689, 3755, 5757, 8249]",15
Yuen Long,Kwai Tsing,"[259, 2599, 2961, 2961, 3966, 6292, 6292, 8586, 8586, 8638, 8638, 8711]",12
Yuen Long,Sha Tin,"[2963, 3806, 5354, 5354, 5599, 7096, 7319, 7391, 7613]",9
Yuen Long,Southern,[],0
Yuen Long,Eastern,"[4270, 4719, 7211]",3
Yuen Long,Sai Kung,"[6451, 6483, 6629]",3
Yuen Long,Wong Tai Sin,"[5354, 5532, 5568, 5592, 5911, 7657, 8655]",7
Yuen Long,Kwun Tong,"[1431, 3426, 3818, 3966, 5354, 5354, 5354, 6462, 6904, 7339, 7394, 8396, 8517]",13
Yuen Long,Wan Chai,"[413, 413, 466, 466, 4196, 4270, 4434, 4719, 4799, 4799, 5532, 5567, 5567, 7096, 7096, 9009]",16
Yuen Long,Tsuen Wan,"[511, 511, 2967, 3097, 3799, 3806, 3806, 4177, 4207, 4426, 5750, 7096, 7360, 7360, 7526, 8517, 9009]",17
Yuen Long,Tai Po,"[68, 6748, 6748, 6951, 6951, 8942, 8942, 8942]",8
Yuen Long,Central & Western,"[394, 466, 511, 3559, 3858, 3858, 4692, 4692, 4692, 5417, 5470, 5470, 6176, 6182, 6411, 6674, 7325, 7698]",18
Yuen Long,Tuen Mun,"[466, 2083, 2083, 2172, 2315, 2335, 2875, 2956, 3301, 4308, 4308, 4496, 4496, 4496, 6118, 7014, 9033, 9316, 9316]",19
Yuen Long,Sham Shui Po,"[926, 926, 1366, 1428, 1890, 2317, 2667, 2688, 2688, 2688, 2706, 3269, 3269, 3269, 3269, 3269, 3269, 3269, 3269, 3269, 3269, 3269, 3269, 3549, 3549, 3549, 4433, 4536, 5470, 5532, 6009, 6645, 6674, 7526, 8916]",35
Yuen Long,Island,"[258, 259, 1879, 2208, 3492, 4817, 6674, 7438]",8
Yuen Long,North,"[2162, 2542, 2706, 2806, 2843, 2843, 3069, 3277, 3968, 3968, 4033, 4105]",12
Kwun Tong,Yau Tsim Mong,"[82, 125, 125, 125, 125, 125, 458, 462, 704, 704, 704, 704, 704, 718, 759, 759, 846, 1289, 1305, 1329, 1396, 1484, 1512, 1512, 1512, 1534, 1548, 1548, 1578, 1641, 1672, 1673, 1747, 1781, 1809, 1809, 1875, 1962, 2011, 2124, 2164, 2376, 2498, 2498, 2498, 2574, 2666, 2681, 2850, 2850, 2973, 2973, 3054, 3199, 3214, 3233, 3233, 3259, 3326, 3326, 3329, 3330, 3455, 3509, 3535, 3574, 3914, 3972, 4055, 4062, 4144, 4186, 4294, 4294, 4294, 4491, 4582, 4764, 4785, 4833, 4833, 4898, 5098, 5098, 5135, 5170, 5671, 5671, 5675, 5689, 5737, 5884, 5884, 6004, 6023, 6064, 6106, 6112, 6232, 6275, 6296, 6321, 6346, 6346, 6355, 6355, 6495, 6740, 7002, 7123, 7142, 7142, 7189, 7189, 7234, 7307, 7317, 7477, 7477, 7671, 7850, 7875, 8028, 8028, 8028, 8028, 8062, 8150, 8150, 8168, 8168, 8324, 8574, 8604, 8608, 8608, 8687, 8712, 8712, 8751, 8835, 8835, 8917, 8917]",144
Kwun Tong,Kowloon City,"[704, 718, 1644, 1877, 1904, 2103, 2103, 2164, 2164, 2164, 2341, 2376, 2494, 2496, 2902, 2973, 2973, 2996, 3051, 3154, 3205, 3290, 3326, 3574, 3574, 3643, 3731, 4524, 4741, 4741, 4754, 5098, 6064, 6168, 6374, 6376, 6638, 7142, 7530, 7690, 7943, 8056, 8324, 8514, 8605, 8608]",46
Kwun Tong,Kwai Tsing,"[1973, 2496, 4203, 5966, 7291, 7534, 8207, 8394, 8608, 8608]",10
Kwun Tong,Sha Tin,"[125, 458, 2103, 3576, 6977, 7090, 7184, 7184, 7291, 7756, 7875, 7875, 7875, 8207]",14
Kwun Tong,Southern,"[3450, 6432, 8389]",3
Kwun Tong,Eastern,"[98, 412, 718, 960, 1376, 1738, 3157, 5986, 6351, 6735, 6821, 7431, 7669, 7669, 8232, 8276, 8276]",17
Kwun Tong,Sai Kung,"[1976, 2369, 2494, 2845, 3016, 3360, 3423, 3749, 3749, 3749, 3749, 6346, 6453, 6482, 6638, 6797, 6855, 6855, 6874, 6915, 7102, 7451, 7894, 8276, 8605, 8605, 8605, 8623, 8956, 8956, 8956]",31
Kwun Tong,Wong Tai Sin,"[1305, 1305, 1321, 1414, 1414, 1439, 1484, 1534, 1547, 1570, 1710, 1738, 1747, 1802, 1854, 1875, 1903, 1962, 1962, 2094, 2113, 2135, 2655, 2680, 2680, 2832, 2845, 3290, 3700, 3745, 4191, 4522, 5507, 5832, 5849, 6314, 6393, 6735, 6783, 6882, 6915, 7114, 7234, 7376, 7639, 7756, 7756, 7756, 7962, 8270, 8687, 8792, 8815, 8824]",54
Kwun Tong,Yuen Long,"[125, 1903, 7184, 8057, 8324]",5
Kwun Tong,Wan Chai,"[412, 840, 2164, 2164, 2812, 2850, 3028, 3333, 4076, 4387, 5135, 5556, 5690, 5737, 5884, 6619, 6627, 6821, 6976, 7246, 7478, 7939, 7939, 8075, 8075, 8099, 8407, 8407, 8629, 8751, 8751]",31
Kwun Tong,Tsuen Wan,"[704, 1836, 1856, 2141, 4784, 4933, 7137, 7291, 7291, 7291, 7291, 7291, 7716, 8207, 8207]",15
Kwun Tong,Tai Po,"[2850, 4163, 4677, 7478, 7478, 7728, 7728, 7728]",8
Kwun Tong,Central & Western,"[69, 1672, 1854, 1904, 2030, 2308, 2603, 2656, 4191, 4378, 4764, 4800, 5690, 5966, 6915, 7555, 8358, 8604, 8834]",19
Kwun Tong,Tuen Mun,"[718, 1269, 2168, 2168, 2308, 2308, 2691, 3013, 4309, 4663, 4663, 6157]",12
Kwun Tong,Sham Shui Po,"[854, 1289, 1512, 1672, 1747, 1854, 1854, 1904, 1905, 2011, 2031, 2031, 2283, 2737, 3206, 4191, 4309, 4309, 5579, 5689, 5884, 5940, 6138, 6306, 6355, 6627, 7189, 7189, 7189, 7234, 7396, 7397, 7875, 8109, 8121, 8151, 8390, 8751]",38
Kwun Tong,Island,"[2309, 2947, 6358, 8872]",4
Kwun Tong,North,"[1672, 2849, 6026, 6026]",4
Wan Chai,Yau Tsim Mong,"[105, 105, 108, 346, 373, 387, 389, 433, 501, 513, 1319, 1837, 1837, 1837, 1837, 2858, 2858, 5132, 5132, 5791, 5791, 5856, 5857, 5935, 5955, 6030, 7786, 8672, 8686, 8823, 8882]",31
Wan Chai,Kowloon City,"[105, 108, 2664]",3
Wan Chai,Kwai Tsing,"[1933, 1933, 8686]",3
Wan Chai,Sha Tin,"[373, 5791]",2
Wan Chai,Southern,"[105, 277, 801, 849, 5487, 5619, 5895]",7
Wan Chai,Eastern,"[70, 85, 85, 101, 104, 801, 2402, 5617, 5617, 5895, 5955, 5989, 6030, 6097, 8710]",15
Wan Chai,Sai Kung,"[5989, 6345, 7786, 8686]",4
Wan Chai,Wong Tai Sin,"[2411, 5634, 5868]",3
Wan Chai,Yuen Long,[],0
Wan Chai,Kwun Tong,"[2982, 6398]",2
Wan Chai,Tsuen Wan,[],0
Wan Chai,Tai Po,[],0
Wan Chai,Central & Western,"[85, 85, 85, 85, 90, 101, 104, 105, 105, 105, 105, 105, 105, 108, 110, 211, 276, 278, 343, 373, 373, 384, 387, 389, 391, 420, 432, 433, 440, 467, 501, 513, 524, 585, 585, 622, 877, 1036, 1036, 1036, 2026, 2522, 2664, 3180, 3661, 4402, 5102, 5343, 5343, 5487, 5514, 5545, 5585, 5587, 5587, 5632, 5656, 5719, 5728, 5733, 5733, 5865, 5903, 6680, 6921]",65
Wan Chai,Tuen Mun,[2038],1
Wan Chai,Sham Shui Po,"[391, 2169, 5634, 5634, 5634, 5895]",6
Wan Chai,Island,"[85, 373, 2411, 5714]",4
Wan Chai,North,[],0
Tsuen Wan,Yau Tsim Mong,"[295, 428, 428, 428, 428, 428, 428, 428, 702, 702, 702, 1313, 1313, 1652, 2263, 2654, 2689, 2761, 2772, 2949, 3476, 3728, 3976, 4022, 4023, 4079, 4603, 4603, 4614, 4808, 4874, 4880, 5201, 5427, 5427, 5427, 5518, 5740, 5805, 5882, 5882, 5947, 5947, 5958, 6010, 6010, 6010, 6010, 6036, 6183, 6184, 6238, 6316, 6557, 6812, 8507, 8507, 8642]",58
Tsuen Wan,Kowloon City,"[767, 1313, 1446, 1446, 1617, 2761, 3469, 3469, 5399, 6396, 8153, 8610]",12
Tsuen Wan,Kwai Tsing,"[229, 428, 2261, 2509, 2534, 2878, 2919, 3018, 3469, 3525, 3525, 3532, 3778, 4711, 5427, 5427, 5427, 5518, 5518, 5518, 5958, 6396, 6801, 7795, 8507]",25
Tsuen Wan,Sha Tin,"[3018, 3018, 5399, 5399, 5399, 5399, 5399, 5658, 5882, 5882, 5882, 6778, 6779, 6779, 8491]",15
Tsuen Wan,Southern,[],0
Tsuen Wan,Eastern,"[229, 2225, 2534, 2534, 2534, 2822]",6
Tsuen Wan,Sai Kung,"[5399, 6387, 8507]",3
Tsuen Wan,Wong Tai Sin,"[1893, 2024, 5882, 5945, 7287]",5
Tsuen Wan,Yuen Long,"[2751, 5542]",2
Tsuen Wan,Kwun Tong,"[1475, 1475, 2822, 3778, 3778, 4218, 4218, 5427, 5427, 5427, 5427, 5444, 5444]",13
Tsuen Wan,Wan Chai,"[1313, 1653, 3179, 3685, 4614, 5590, 5947, 5947, 6010, 7620]",10
Tsuen Wan,Tai Po,[],0
Tsuen Wan,Central & Western,"[2225, 2225, 2822, 3212, 8491, 8615]",6
Tsuen Wan,Tuen Mun,"[3475, 3778, 3778, 5427, 6036]",5
Tsuen Wan,Sham Shui Po,"[428, 428, 1313, 2018, 2018, 3469, 3728, 3778, 4874, 5590, 5958, 5958, 8032, 8137, 8507, 8610]",16
Tsuen Wan,Island,"[123, 123, 295, 5201, 5958]",5
Tsuen Wan,North,[],0
Tai Po,Yau Tsim Mong,"[625, 638, 1919, 1919, 2000, 2090, 2394, 2486, 2926, 3275, 4262, 4368, 4539, 4573, 4573, 4756, 5169, 5382, 5725, 5801, 5822, 5822, 5843, 6035, 6035, 6035, 6035, 6035, 6081, 6081, 6223, 6223, 7235, 7352, 7389, 7389, 7419, 7595, 8118, 8165, 8463, 8536]",42
Tai Po,Kowloon City,"[351, 1638, 1919, 1971, 2244, 2244, 4756, 5382, 5382, 7065, 7389]",11
Tai Po,Kwai Tsing,"[5342, 5695, 6035, 7289, 7289]",5
Tai Po,Sha Tin,"[2000, 2696, 2696, 2854, 3504, 3534, 3636, 4382, 4756, 4756, 5375, 5375, 5375, 5382, 5382, 5382, 5432, 5432, 5432, 5672, 5747, 5753, 5753, 5780, 6042, 6357, 7352, 7352, 7585, 8021, 8058, 8463]",32
Tai Po,Southern,"[5332, 5342]",2
Tai Po,Eastern,"[134, 2854, 7352]",3
Tai Po,Sai Kung,"[2000, 3390, 8327, 8327]",4
Tai Po,Wong Tai Sin,"[2120, 3534, 3534, 5337, 5576, 5672, 5739, 5747, 7065, 7065, 7235, 7873]",12
Tai Po,Yuen Long,"[2696, 2696, 5917, 6108, 6826, 8632]",6
Tai Po,Kwun Tong,"[2696, 2854, 3534, 8165, 8165, 8632]",6
Tai Po,Wan Chai,"[134, 377, 638, 2696, 2696, 2696, 4368, 5338, 5375, 5375, 5801, 5801, 5801, 6796, 6796, 8118]",16
Tai Po,Tsuen Wan,"[3323, 4751, 5801, 7289, 7351]",5
Tai Po,Central & Western,"[332, 332, 332, 625, 981, 5382, 5382, 5801, 5881, 7568]",10
Tai Po,Tuen Mun,[],0
Tai Po,Sham Shui Po,"[625, 2067, 2617, 5843, 6223, 6308, 6690]",7
Tai Po,Island,"[332, 5332, 5332, 5332, 5332, 5332, 6108]",7
Tai Po,North,"[2696, 2698, 5337, 5337, 5747]",5
Central & Western,Yau Tsim Mong,"[310, 464, 465, 686, 2546, 2767, 3860, 5419, 5845, 5845, 6166, 6246, 6259, 7276, 7276, 7960, 7960, 7995, 8098]",19
Central & Western,Kowloon City,"[1888, 2546, 2546, 3573, 6239, 6239, 7276, 7359]",8
Central & Western,Kwai Tsing,"[163, 6273, 6634]",3
Central & Western,Sha Tin,"[217, 799, 3860, 7960]",4
Central & Western,Southern,"[163, 163, 208, 315, 375, 618, 6246, 8144]",8
Central & Western,Eastern,"[367, 1888, 2768, 6246, 7495, 8211]",6
Central & Western,Sai Kung,"[6246, 8964]",2
Central & Western,Wong Tai Sin,"[978, 1889]",2
Central & Western,Yuen Long,[],0
Central & Western,Kwun Tong,"[2531, 2767, 3497, 5679, 6166, 6273, 6273]",7
Central & Western,Wan Chai,"[147, 147, 148, 148, 156, 183, 183, 208, 208, 325, 345, 345, 362, 362, 367, 367, 368, 402, 465, 576, 799, 865, 865, 973, 2767, 2768, 3137, 5513, 5520, 5557, 5557, 5597, 5614, 5627, 5627, 5679, 5715, 5729, 5886, 5975, 8304, 8415]",42
Central & Western,Tsuen Wan,[7886],1
Central & Western,Tai Po,[],0
Central & Western,Tuen Mun,[],0
Central & Western,Sham Shui Po,"[183, 5629, 6273]",3
Central & Western,Island,"[1664, 3615, 8210]",3
Central & Western,North,"[4240, 6550]",2
Tuen Mun,Yau Tsim Mong,"[395, 411, 504, 581, 1296, 1839, 1839, 1931, 2170, 2170, 2334, 2398, 2398, 2399, 2784, 3287, 3291, 3563, 4335, 4841, 4841, 5164, 5398, 5752, 5932, 5943, 6091, 6098, 6206, 6257, 6297, 6430, 6430, 7972, 7972, 8429, 8467, 8467, 8521, 8640]",40
Tuen Mun,Kowloon City,"[1296, 1296, 2316, 2784, 4441, 5398, 5398, 6989, 7865, 7972]",10
Tuen Mun,Kwai Tsing,"[2156, 2455, 2459, 2465, 2600, 3265, 4272, 4381, 4417, 4480, 4480, 5932]",12
Tuen Mun,Sha Tin,"[7033, 8440, 8440, 8440]",4
Tuen Mun,Southern,"[5398, 5723]",2
Tuen Mun,Eastern,"[1296, 1296, 3395, 5398, 8689]",5
Tuen Mun,Sai Kung,"[4877, 6507, 6789]",3
Tuen Mun,Wong Tai Sin,"[1642, 2784, 4535, 5398, 7866]",5
Tuen Mun,Yuen Long,"[1471, 1561, 1613, 1858, 1907, 2084, 2398, 2400, 2562, 2600, 5133, 6430, 6961, 8527, 8668, 8828]",16
Tuen Mun,Kwun Tong,"[2784, 3317, 3627, 4841, 4841, 6788, 8668]",7
Tuen Mun,Wan Chai,"[944, 1013, 1931, 2784, 2943, 2943, 3395, 4156, 4242, 4242, 4461, 5137, 7126]",13
Tuen Mun,Tsuen Wan,"[1642, 1654, 1654, 1654, 3395, 4412, 4546, 4657, 5008, 6092, 7183, 7213, 8212, 8440, 8689]",15
Tuen Mun,Tai Po,[],0
Tuen Mun,Central & Western,"[161, 411, 3478, 4546, 5862, 8530, 8530]",7
Tuen Mun,Sham Shui Po,"[1907, 1907, 1931, 1931, 2597, 3156, 4871, 4871, 4893, 4946, 5398, 8467]",12
Tuen Mun,Island,"[411, 2620, 3291, 5164, 6295, 6295, 7126, 8484, 8828]",9
Tuen Mun,North,"[2493, 7972, 8429, 8599, 8599]",5
Sham Shui Po,Yau Tsim Mong,"[243, 450, 450, 450, 450, 517, 663, 663, 663, 1018, 1481, 1542, 1629, 1661, 1817, 1941, 1941, 2142, 2186, 2186, 2441, 2441, 2551, 2568, 2652, 2728, 2728, 2925, 2960, 2960, 3356, 3514, 3515, 3583, 3583, 3623, 3623, 3623, 3623, 3623, 3623, 3623, 3623, 3623, 3623, 3623, 3623, 3623, 3623, 3623, 3623, 3623, 3623, 3623, 3623, 3649, 3688, 3770, 3941, 3945, 4150, 4604, 4700, 4700, 4709, 4709, 4977, 5175, 5175, 5175, 5615, 5670, 5683, 5683, 5688, 5734, 5767, 5776, 5806, 5810, 5840, 5858, 5858, 5858, 5858, 5907, 5933, 5951, 5964, 5964, 5964, 5964, 6021, 6021, 6110, 6185, 6322, 6370, 6542, 6542, 6667, 6957, 6957, 7069, 7315, 7315, 7315, 7499, 7502, 7598, 7598, 7678, 8069, 8095, 8436, 8465, 8595, 8657, 8657, 8827, 8912, 9042, 9082, 9203]",124
Sham Shui Po,Kowloon City,"[243, 1513, 1557, 1628, 2960, 3623, 3623, 3623, 4956, 6628, 6879, 6954, 8282, 9042]",14
Sham Shui Po,Kwai Tsing,"[1542, 3077, 4263, 4280, 4291, 4640, 7368, 7576, 8095, 8095, 8236, 8284, 8937, 9038]",14
Sham Shui Po,Sha Tin,"[1434, 1434, 1434, 1937, 2899, 3839, 4977, 5615, 6049, 7051, 7357, 7374, 7427]",13
Sham Shui Po,Southern,"[4957, 8912]",2
Sham Shui Po,Eastern,"[1926, 3515, 4684, 4684, 4684, 4684, 4684, 4685, 4685, 7766]",10
Sham Shui Po,Sai Kung,"[1759, 6416, 6454, 6628, 6664, 6879, 8231]",7
Sham Shui Po,Wong Tai Sin,"[450, 5688, 5840, 6021, 6916, 7069, 7069, 7540, 7590, 8760, 8963]",11
Sham Shui Po,Yuen Long,[2960],1
Sham Shui Po,Kwun Tong,"[414, 450, 1611, 1611, 1611, 1661, 3763, 3784, 4151, 4275, 4328, 5175, 5175, 5688, 6103, 7139, 7279, 7500, 7500, 7946, 8231, 8231, 8334, 8848]",24
Sham Shui Po,Wan Chai,"[663, 1542, 1542, 1542, 2039, 2042, 2899, 2960, 3145, 3583, 3936, 3936, 3956, 4798, 4977, 5166, 5602, 5921, 6110, 6185, 6448, 6726, 7502, 8784, 8912]",25
Sham Shui Po,Tsuen Wan,"[1732, 1732, 2652, 2652, 2771]",5
Sham Shui Po,Tai Po,[],0
Sham Shui Po,Central & Western,"[270, 270, 1581, 1759, 1759, 1759, 1997, 2418, 2419, 3649, 3941, 4709, 5615, 6110, 6177, 6247, 6247, 7853, 8334, 8862]",20
Sham Shui Po,Tuen Mun,"[1647, 4656, 4977, 6370, 6526, 6526]",6
Sham Shui Po,Island,[4275],1
Sham Shui Po,North,"[2142, 4342, 9191]",3
Island,Yau Tsim Mong,"[371, 371, 662, 687, 687, 2823, 4077, 4077, 4338, 4338, 5163, 5205, 5205, 5205, 6033, 6162, 6180, 6655, 8255, 8255]",20
Island,Kowloon City,[],0
Island,Kwai Tsing,"[1333, 4338, 4338, 8255]",4
Island,Sha Tin,[],0
Island,Southern,"[5205, 8142]",2
Island,Eastern,[],0
Island,Sai Kung,[3890],1
Island,Wong Tai Sin,"[1914, 1914]",2
Island,Yuen Long,[],0
Island,Kwun Tong,[1867],1
Island,Wan Chai,"[386, 386, 4119, 4318, 5205, 5550, 5550, 6162, 6417, 6417, 6417, 6417, 8254]",13
Island,Tsuen Wan,"[1867, 1882, 1882, 8613]",4
Island,Tai Po,[],0
Island,Central & Western,"[386, 971, 1053, 1053, 4338, 4338, 4515, 5550, 6279, 6279, 6279, 8115, 8142, 8206]",14
Island,Tuen Mun,"[2932, 5281, 5281, 5281, 5281, 5281]",6
Island,Sham Shui Po,"[4077, 4077, 4231, 4338, 8142]",5
Island,North,[],0
North,Yau Tsim Mong,"[674, 855, 1438, 1975, 1975, 2053, 2072, 3388, 3949, 5193, 5952, 6080, 6224, 6228, 6650, 7758]",16
North,Kowloon City,"[5613, 5613, 7013]",3
North,Kwai Tsing,"[1887, 4638, 7991]",3
North,Sha Tin,"[1568, 2178, 4854]",3
North,Southern,[],0
North,Eastern,"[3950, 3975, 4021, 4021, 4021, 4638, 4638]",7
North,Sai Kung,"[4210, 6486, 6930]",3
North,Wong Tai Sin,"[3531, 3531, 4223, 4302]",4
North,Yuen Long,"[2157, 3220, 5952]",3
North,Kwun Tong,"[6522, 6650, 7440, 7440, 7440, 7440, 8093, 8111, 8947]",9
North,Wan Chai,"[6189, 6650, 7110]",3
North,Tsuen Wan,"[1887, 5193]",2
North,Tai Po,"[2077, 2077, 2357, 2692, 2912, 2991, 2991, 2991, 2991, 4106]",10
North,Central & Western,"[3747, 8214]",2
North,Tuen Mun,"[2167, 5193, 5193, 6082]",4
North,Sham Shui Po,"[5861, 6065, 6449]",3
North,Island,[],0
